,Movie,Director,Actors,Rating
0,Frozen,"Chris Buck, Jennifer Lee","Kristen Bell, Idina Menzel, Jonathan Groff, Josh Gad",75
1,Beauty and the Beast,"Gary Trousdale, Kirk Wise","Robby Benson, Jesse Corti, Rex Everhart, Angela Lansbury",95
2,Coco,"Lee Unkrich, Adrian Molina(co-director)","Anthony Gonzalez, Gael García Bernal, Benjamin Bratt, Alanna Ubach",81
3,Moana,"Ron Clements, John Musker, Don Hall(co-director), Chris Williams(co-director)","Auli'i Cravalho, Dwayne Johnson, Rachel House, Temuera Morrison",81
4,Mamma Mia!,Phyllida Lloyd,"Amanda Seyfried, Stellan Skarsgård, Pierce Brosnan, Nancy Baldwin",51
5,Tangled,"Nathan Greno, Byron Howard","Mandy Moore, Zachary Levi, Donna Murphy, Ron Perlman",71
6,La La Land,Damien Chazelle,"Ryan Gosling, Emma Stone, Amiee Conn, Terry Walters",94
7,Beauty and the Beast,"Gary Trousdale, Kirk Wise","Robby Benson, Jesse Corti, Rex Everhart, Angela Lansbury",95
8,Les Misérables,Tom Hooper,"Hugh Jackman, Russell Crowe, Anne Hathaway, Amanda Seyfried",63
9,The Greatest Showman,Michael Gracey,"Hugh Jackman, Michelle Williams, Zac Efron, Zendaya",48
10,Grease,Randal Kleiser,"John Travolta, Olivia Newton-John, Stockard Channing, Jeff Conaway",70
11,Mary Poppins Returns,Rob Marshall,"Emily Blunt, Lin-Manuel Miranda, Ben Whishaw, Emily Mortimer",66
12,Chicago,Rob Marshall,"Taye Diggs, Cliff Saunders, Catherine Zeta-Jones, Renée Zellweger",81
13,The Sound of Music,Robert Wise,"Julie Andrews, Christopher Plummer, Eleanor Parker, Richard Haydn",63
14,Cinderella,Kenneth Branagh,"Cate Blanchett, Lily James, Richard Madden, Helena Bonham Carter",67
15,Into the Woods,Rob Marshall,"Anna Kendrick, Daniel Huttlestone, James Corden, Emily Blunt",69
16,Hairspray,Adam Shankman,"John Travolta, Michelle Pfeiffer, Christopher Walken, Amanda Bynes",81
17,Snow White and the Seven Dwarfs,"William Cottrell, David Hand, Wilfred Jackson, Larry Morey, Perce Pearce, Ben Sharpsteen","Roy Atwell, Stuart Buchanan, Adriana Caselotti, Eddie Collins",95
18,Moulin Rouge,John Huston,"José Ferrer, Zsa Zsa Gabor, Suzanne Flon, Claude Nollier",N/A
19,Dreamgirls,Bill Condon,"Jamie Foxx, Beyoncé, Eddie Murphy, Danny Glover",76
20,The Phantom of the Opera,Joel Schumacher,"Gerard Butler, Emmy Rossum, Patrick Wilson, Miranda Richardson",40
21,Sweeney Todd: The Demon Barber of Fleet Street,Tim Burton,"Johnny Depp, Helena Bonham Carter, Alan Rickman, Timothy Spall",83
22,Evita,Alan Parker,"Madonna, Antonio Banderas, Jonathan Pryce, Jimmy Nail",45
23,The Jungle Book,Jon Favreau,"Neel Sethi, Bill Murray, Ben Kingsley, Idris Elba",77
24,Annie,John Huston,"Albert Finney, Carol Burnett, Ann Reinking, Tim Curry",39
25,Anastasia,"Don Bluth, Gary Goldman","Meg Ryan, John Cusack, Kelsey Grammer, Christopher Lloyd",61
26,Secret Superstar,Advait Chandan,"Zaira Wasim, Meher Vij, Raj Arjun, Aamir Khan",N/A
27,Staying Alive,Sylvester Stallone,"John Travolta, Cynthia Rhodes, Finola Hughes, Steve Inwood",23
28,Mary Poppins,Robert Stevenson,"Julie Andrews, Dick Van Dyke, David Tomlinson, Glynis Johns",88
29,Burlesque,Steve Antin,"Cher, Christina Aguilera, Eric Dane, Cam Gigandet",47
30,Fantasia,"James Algar, Samuel Armstrong, Ford Beebe Jr., Norman Ferguson, David Hand, Jim Handley, T. Hee, Wilfred Jackson, Hamilton Luske, Bill Roberts, Paul Satterfield, Ben Sharpsteen","Deems Taylor, Leopold Stokowski, The Philadelphia Orchestra",96
31,Fiddler on the Roof,Norman Jewison,"Topol, Norma Crane, Leonard Frey, Molly Picon",67
32,Fame,Alan Parker,"Eddie Barth, Irene Cara, Lee Curreri, Laura Dean",58
33,Footloose,Herbert Ross,"Kevin Bacon, Lori Singer, John Lithgow, Dianne Wiest",42
34,The Nightmare Before Christmas,Henry Selick,"Danny Elfman, Chris Sarandon, Catherine O'Hara, William Hickey",82
35,Cats,Tom Hooper,"Robbie Fairchild, Mette Towley, Daniela Norman, Jaih Betote",32
36,My Fair Lady,George Cukor,"Audrey Hepburn, Rex Harrison, Stanley Holloway, Wilfrid Hyde-White",95
37,The Best Little Whorehouse in Texas,Colin Higgins,"Burt Reynolds, Dolly Parton, Dom DeLuise, Charles Durning",40
38,Jersey Boys,Clint Eastwood,"Vincent Piazza, John Lloyd Young, Steve Schirripa, Christopher Walken",54
39,Footloose,Herbert Ross,"Kevin Bacon, Lori Singer, John Lithgow, Dianne Wiest",42
40,Rock of Ages,Adam Shankman,"Julianne Hough, Dakota Sage Grant, Matthew Rush Sullivan, Diego Boneta",47
41,The Blues Brothers,John Landis,"Tom Erhart, Gerald Walling, John Belushi, Walter Levine",60
42,Annie,John Huston,"Albert Finney, Carol Burnett, Ann Reinking, Tim Curry",39
43,Nine,Rob Marshall,"Daniel Day-Lewis, Sandro Dori, Nicole Kidman, Marion Cotillard",49
44,The Aristocats,Wolfgang Reitherman,"Phil Harris, Eva Gabor, Sterling Holloway, Scatman Crothers",66
45,Bareilly Ki Barfi,Ashwiny Iyer Tiwari,"Ayushmann Khurrana, Kriti Sanon, Rajkummar Rao, Pankaj Tripathi",N/A
46,"South Park: Bigger, Longer & Uncut",Trey Parker,"Trey Parker, Matt Stone, Mary Kay Bergman, Isaac Hayes",73
47,Popeye,Robert Altman,"Robin Williams, Shelley Duvall, Ray Walston, Paul Dooley",64
48,Dancer in the Dark,Lars von Trier,"Björk, Catherine Deneuve, David Morse, Peter Stormare",61
49,West Side Story,"Jerome Robbins, Robert Wise","Natalie Wood, Richard Beymer, Russ Tamblyn, Rita Moreno",86
50,Cabaret,Bob Fosse,"Liza Minnelli, Michael York, Helmut Griem, Joel Grey",80
51,Yentl,Barbra Streisand,"Barbra Streisand, Mandy Patinkin, Amy Irving, Nehemiah Persoff",68
52,Little Shop of Horrors,Frank Oz,"Levi Stubbs, Rick Moranis, Ellen Greene, Vincent Gardenia",81
53,Oliver!,Carol Reed,"Ron Moody, Shani Wallis, Oliver Reed, Harry Secombe",74
54,Breakin',Joel Silberg,"Lucinda Dickey, Adolfo Quinones, Michael Chambers, Ben Lokey",53
55,The Wizard of Oz,"Victor Fleming, George Cukor, Mervyn LeRoy, Norman Taurog, Richard Thorpe, King Vidor","Judy Garland, Frank Morgan, Ray Bolger, Bert Lahr",92
56,Everyone Says I Love You,Woody Allen,"Edward Norton, Drew Barrymore, Diva Gray, Ami Almendral",N/A
57,"Hello, Dolly",Gene Kelly,"Barbra Streisand, Walter Matthau, Michael Crawford, Marianne McAndrew",51
58,Paint Your Wagon,Joshua Logan,"Lee Marvin, Clint Eastwood, Jean Seberg, Harve Presnell",50
59,Rent,Chris Columbus,"Anthony Rapp, Adam Pascal, Rosario Dawson, Jesse L. Martin",53
60,Joyful Noise,Todd Graff,"Queen Latifah, Dolly Parton, Keke Palmer, Jeremy Jordan",44
61,Camelot,N/A,"Joseph Fiennes, Jamie Campbell Bower, Tamsin Egerton, Peter Mooney",N/A
62,White Christmas,Michael Curtiz,"Bing Crosby, Danny Kaye, Rosemary Clooney, Vera-Ellen",56
63,Across the Universe,Julie Taymor,"Evan Rachel Wood, Jim Sturgess, Joe Anderson, Dana Fuchs",56
64,Cirque du Soleil - Journey of Man,Keith Melton,"Ian McKellen, Nicky Dewhurst, Brian Dewhurst, Ana Karagy",55
65,Bride & Prejudice,Gary Winick,"Kate Hudson, Anne Hathaway, Bryan Greenberg, Chris Pratt",24
66,Jesus Christ Superstar,Norman Jewison,"Ted Neeley, Carl Anderson, Yvonne Elliman, Barry Dennen",64
67,Eight Crazy Nights,Seth Kearsley,"Adam Sandler, Jackie Sandler, Austin Stout, Kevin Nealon",23
68,Xanadu,Robert Greenwald,"Olivia Newton-John, Gene Kelly, Michael Beck, James Sloyan",31
69,Victor/Victoria,"Matthew Diamond, Blake Edwards, Goro Kobayashi","Julie Andrews, Tony Roberts, Michael Nouri, Rachel York",N/A
70,The Wiz,Sidney Lumet,"Diana Ross, Michael Jackson, Nipsey Russell, Ted Ross",53
71,Little Voice,Mark Herman,"Brenda Blethyn, Jane Horrocks, Ewan McGregor, Philip Jackson",68
72,Fame,Alan Parker,"Eddie Barth, Irene Cara, Lee Curreri, Laura Dean",58
73,The Legend of 1900,Giuseppe Tornatore,"Tim Roth, Pruitt Taylor Vince, Mélanie Thierry, Bill Nunn",58
74,The Sapphires,Wayne Blair,"Tanika Lonesborough, Nioka Brennan, Lynette Narkle, Kylie Belling",67
75,This is the Army,Michael Curtiz,"George Murphy, Joan Leslie, George Tobias, Alan Hale",N/A
76,Bedknobs and Broomsticks,"Robert Stevenson, Ward Kimball","Angela Lansbury, David Tomlinson, Roddy McDowall, Sam Jaffe",59
77,Dance With Me,Randa Haines,"Vanessa Williams, Chayanne, Kris Kristofferson, Joan Plowright",N/A
78,Breakin' 2: Electric Boogaloo,Sam Firstenberg,"Lucinda Dickey, Adolfo Quinones, Michael Chambers, Susie Coelho",55
79,The Music Man,Morton DaCosta,"Robert Preston, Shirley Jones, Buddy Hackett, Hermione Gingold",N/A
80,Dostana,Haider Chaudhry,"Ali Ahmad, Shaukat Ali, Anjuman, Abdul Karim Baloch",N/A
81,Blue Skies,"Stuart Heisler, Mark Sandrich","Bing Crosby, Fred Astaire, Joan Caulfield, Billy De Wolfe",N/A
82,Grease 2,Patricia Birch,"Maxwell Caulfield, Michelle Pfeiffer, Lorna Luft, Maureen Teefy",52
83,A Chorus Line,Richard Attenborough,"Michael Blevins, Yamil Borges, Jan Gan Boyd, Sharon Brown",46
84,"New York, New York",Martin Scorsese,"Liza Minnelli, Robert De Niro, Lionel Stander, Barry Primus",64
85,Bye Bye Birdie,George Sidney,"Janet Leigh, Dick Van Dyke, Ann-Margret, Maureen Stapleton",N/A
86,Meet Me in St. Louis,Vincente Minnelli,"Judy Garland, Margaret O'Brien, Mary Astor, Lucille Bremer",94
87,Idlewild,Bryan Barber,"André 3000, Big Boi, Paula Patton, Terrence Howard",55
88,Sing Street,John Carney,"Ferdia Walsh-Peelo, Kelly Thornton, Maria Doyle Kennedy, Jack Reynor",79
89,Help!,Richard Lester,"The Beatles, Leo McKern, Eleanor Bron, Victor Spinetti",N/A
90,The King and I,Walter Lang,"Deborah Kerr, Yul Brynner, Rita Moreno, Martin Benson",72
91,Gentlemen Prefer Blondes,Howard Hawks,"Jane Russell, Marilyn Monroe, Charles Coburn, Elliott Reid",N/A
92,Shigatsu wa kimi no uso,N/A,"Natsuki Hanae, Risa Taneda, Ayane Sakura, Ryôta Ôsaka",N/A
93,Thumbelina,"Don Bluth, Gary Goldman","Gino Conforti, Barbara Cook, Jodi Benson, Will Ryan",N/A
94,Who's the Man?,Ted Demme,"Ed Lover, Doctor Dré, Badja Djola, Cheryl 'Salt' James",N/A
95,Please Don't Eat the Daisies,Charles Walters,"Doris Day, David Niven, Janis Paige, Spring Byington",N/A
96,The Unsinkable Molly Brown,Charles Walters,"Debbie Reynolds, Harve Presnell, Ed Begley, Jack Kruschen",N/A
97,Aashiqui 2,Mohit Suri,"Aditya Roy Kapoor, Shraddha Kapoor, Shaad Randhawa, Salil Acharya",N/A
98,Show Boat,George Sidney,"Kathryn Grayson, Ava Gardner, Howard Keel, Joe E. Brown",N/A
99,Blue Hawaii,Norman Taurog,"Elvis Presley, Joan Blackman, Angela Lansbury, Nancy Walters",58
100,Babes in Toyland,Jack Donohue,"Ray Bolger, Tommy Sands, Annette Funicello, Ed Wynn",55
101,ABCD (Any Body Can Dance),Remo D'Souza,"Prabhu Deva, Ganesh Acharya, Kay Kay Menon, Lauren Gottlieb",N/A
102,Under the Cherry Moon,"Prince, Michael Ballhaus","Prince, Jerome Benton, Kristin Scott Thomas, Steven Berkoff",36
103,Viva Las Vegas,George Sidney,"Elvis Presley, Ann-Margret, Cesare Danova, William Demarest",69
104,Sunshine on Leith,Dexter Fletcher,"Paul Brannigan, George MacKay, Kevin Guthrie, Jane Horrocks",66
105,Annie Get Your Gun,"George Sidney, Busby Berkeley","Betty Hutton, Howard Keel, Louis Calhern, J. Carrol Naish",77
106,Sweet Charity,Bob Fosse,"Shirley MacLaine, John McMartin, Ricardo Montalban, Sammy Davis Jr.",53
107,The Pirate Movie,Ken Annakin,"Kristy McNichol, Christopher Atkins, Ted Hamilton, Bill Kerr",19
108,Black Nativity,Kasi Lemmons,"Forest Whitaker, Angela Bassett, Jennifer Hudson, Tyrese Gibson",48
109,Gigi,"Vincente Minnelli, Charles Walters","Leslie Caron, Maurice Chevalier, Louis Jourdan, Hermione Gingold",82
110,Singin' in the Rain,"Stanley Donen, Gene Kelly","Gene Kelly, Donald O'Connor, Debbie Reynolds, Jean Hagen",99
111,Bran Nue Dae,Rachel Perkins,"Rocky McKenzie, Jessica Mauboy, Ernie Dingo, Missy Higgins",54
112,Charming,Ross Venokur,"Demi Lovato, Wilmer Valderrama, Sia, Nia Vardalos",N/A
113,Lindenberg! Mach dein Ding,Hermine Huntgeburth,"Jan Bülow, Jesse Hansen, Julia Jentsch, Benjamin Friedhoff",N/A
114,Topsy Turvy,Edward Fleming,"Lars Bom, Nonny Sand, Thomas Alling, Gitte Naur",N/A
115,Pennies from Heaven,Herbert Ross,"Steve Martin, Bernadette Peters, Jessica Harper, Vernel Bagneris",64
116,Swing Kids,Thomas Carter,"Robert Sean Leonard, Christian Bale, Frank Whaley, Barbara Hershey",39
117,Walking on Sunshine,"Max Giwa, Dania Pasquini","Annabel Scholey, Greg Wise, Giulio Berruti, Hannah Arterton",N/A
118,San Francisco,W.S. Van Dyke,"Clark Gable, Jeanette MacDonald, Spencer Tracy, Jack Holt",N/A
119,There's No Business Like Show Business,Walter Lang,"Ethel Merman, Donald O'Connor, Marilyn Monroe, Dan Dailey",N/A
120,Call Me Mister,Lloyd Bacon,"Betty Grable, Dan Dailey, Danny Thomas, Dale Robertson",N/A
121,From Justin to Kelly,Robert Iscove,"Kelly Clarkson, Justin Guarini, Katherine Bailess, Anika Noni Rose",14
122,Aaja Nachle,Anil Mehta,"Madhuri Dixit, Darshan Jariwala, Raghuvir Yadav, Divya Dutta",N/A
123,Anchors Aweigh,"George Sidney, Joseph Barbera, William Hanna","Frank Sinatra, Kathryn Grayson, Gene Kelly, José Iturbi",60
124,An American in Paris,Vincente Minnelli,"Gene Kelly, Leslie Caron, Oscar Levant, Georges Guétary",83
125,The Broadway Melody,Harry Beaumont,"Charles King, Anita Page, Bessie Love",N/A
126,Velvet Goldmine,Todd Haynes,"Ewan McGregor, Jonathan Rhys Meyers, Christian Bale, Toni Collette",65
127,Glitter,Vondie Curtis-Hall,"Mariah Carey, Max Beesley, Da Brat, Tia Texada",14
128,That's Dancing,Jack Haley Jr.,"Mikhail Baryshnikov, Ray Bolger, Sammy Davis Jr., Gene Kelly",N/A
129,Nativity Rocks!,Debbie Isitt,"Simon Lipkin, Craig Revel Horwood, Daniel Boys, Anna Chancellor",N/A
130,The Harvey Girls,George Sidney,"Judy Garland, John Hodiak, Ray Bolger, Angela Lansbury",N/A
131,Willy Wonka & the Chocolate Factory,Mel Stuart,"Gene Wilder, Jack Albertson, Peter Ostrum, Roy Kinnear",67
132,S Club Seeing Double,Nigel Dick,"Bradley McIntosh, Hannah Spearritt, Jo O'Meara, Jon Lee",N/A
133,Girl Crazy,"Norman Taurog, Busby Berkeley","Mickey Rooney, Judy Garland, Gil Stratton, Robert E. Strickland",84
134,Hedwig and the Angry Inch,John Cameron Mitchell,"John Cameron Mitchell, Miriam Shor, Stephen Trask, Theodore Liscinski",85
135,La traviata,Franco Zeffirelli,"Teresa Stratas, Plácido Domingo, Cornell MacNeil, Allan Monk",N/A
136,Cats Don't Dance,Mark Dindal,"Scott Bakula, Jasmine Guy, Natalie Cole, Ashley Peldon",N/A
137,Proceder,Michal Wegrzyn,"Piotr Witkowski, Agnieszka Wiedlocha, Ewa Zietek, Antoni Pawlicki",N/A
138,Bathing Beauty,George Sidney,"Red Skelton, Esther Williams, Basil Rathbone, Bill Goodwin",N/A
139,La Llamada,Javier Setó,"Emilio Gutiérrez Caba, Carlos Lemos, Paco Morán, Tota Alba",N/A
140,Girl Happy,Boris Sagal,"Elvis Presley, Shelley Fabares, Harold J. Stone, Gary Crosby",N/A
141,Begum Jaan,Srijit Mukherji,"Pallavi Sharda, Amitabh Bachchan, Flora Saini, Naseeruddin Shah",N/A
142,The Pirate,Vincente Minnelli,"Judy Garland, Gene Kelly, Walter Slezak, Gladys Cooper",N/A
143,On the Town,"Stanley Donen, Gene Kelly","Gene Kelly, Frank Sinatra, Betty Garrett, Ann Miller",71
144,Zenek,Jan Hryniak,"Jakub Zajac, Krzysztof Czeczot, Klara Bielawka, Karol Dziuba",N/A
145,Kissin' Cousins,Gene Nelson,"Elvis Presley, Arthur O'Connell, Glenda Farrell, Jack Albertson",N/A
146,Million Dollar Mermaid,Mervyn LeRoy,"Esther Williams, Victor Mature, Walter Pidgeon, David Brian",50
147,Aadhi,Jeethu Joseph,"Pranav Mohanlal, Sharafudheen, Meghanadhan, Siddique",N/A
148,Fast Forward,Sidney Poitier,"John Scott Clough, Don Franklin, Tamara Mark, Tracy Silver",N/A
149,Waves,Trey Edward Shults,"Kelvin Harrison Jr., Lucas Hedges, Taylor Russell, Alexa Demie",80
150,True Stories,David Byrne,"John Goodman, Annie McEnroe, Jo Harvey Allen, Spalding Gray",67
151,"Paradise, Hawaiian Style",Michael D. Moore,"Elvis Presley, Suzanna Leigh, James Shigeta, Donna Butterworth",N/A
152,Jem and the Holograms,Jon M. Chu,"Aubrey Peeples, Stefanie Scott, Aurora Perrineau, Hayley Kiyoko",42
153,The Rocky Horror Picture Show,Jim Sharman,"Tim Curry, Susan Sarandon, Barry Bostwick, Richard O'Brien",65
154,42nd Street,Lloyd Bacon,"Warner Baxter, Bebe Daniels, George Brent, Ruby Keeler",83
155,The Nutcracker,Emile Ardolino,"Darci Kistler, Damian Woetzel, Kyra Nichols, Wendy Whelan",N/A
156,Can't Stop the Music,Nancy Walker,"Ray Simpson, David Hodo, Felipe Rose, Randy Jones",N/A
157,Taal,Subhash Ghai,"Akshaye Khanna, Anil Kapoor, Aishwarya Rai Bachchan, Alok Nath",N/A
158,The Pilgrim’s Progress,David West,"Jeremy Oliveria, Matthew McAuliffe, Reavah Hope, Kylon Brune",N/A
159,Chance Pe Dance,Ken Ghosh,"Shahid Kapoor, Genelia D'Souza, Mohnish Bahl, Satish Shah",N/A
160,42nd Street: The Musical,"Mark Bramble, Ross MacGibbon","Bonnie Langford, Tom Lister, Clare Halse, Philip Bertioli",N/A
161,Lucknow Central,Ranjit Tewari,"Farhan Akhtar, Diana Penty, Inaamulhaq, Ronit Roy",N/A
162,Everybody's Talking About Jamie,Jonathan Butterell,"John McCrea, Josie Walker, Ken Christiansen, Alex Anstey",N/A
163,Body Rock,Marcelo Epstein,"Lorenzo Lamas, Vicki Frederick, Cameron Dye, Michelle Nicastro",N/A
164,Teen Spirit,Max Minghella,"Elle Fanning, Agnieszka Grochowska, Archie Madekwe, Zlatko Buric",57
165,At Long Last Love,Peter Bogdanovich,"Burt Reynolds, Cybill Shepherd, Madeline Kahn, Duilio Del Prete",N/A
166,Les Chansons d'Amour,"Elise Cribier-Delande, Laure Siefert",N/A,N/A
167,Give My Regards to Broad Street,Peter Webb,"John Burgess, Bryan Brown, Philip Jackson, Ian Hastings",N/A
168,Vox Lux,Brady Corbet,"Natalie Portman, Jude Law, Stacy Martin, Jennifer Ehle",67
169,Yellow Submarine,George Dunning,"The Beatles, Paul Angelis, John Clive, Dick Emery",79
170,An American in Paris: The Musical,"Christopher Wheeldon, Ross MacGibbon","Robbie Fairchild, Leanne Cope, Haydn Oakley, Zoe Rainey",N/A
171,K3 Love Cruise,Frederik Sonck,"Babs Boumans, Harold Brusse, Truus de Boer, Bart de Graauw",N/A
172,Mohabbatein,Aditya Chopra,"Amitabh Bachchan, Shah Rukh Khan, Uday Chopra, Jugal Hansraj",N/A
173,Mehbooba,"Tabrez Hashmi, Afzal Khan","Sanjay Dutt, Manisha Koirala, Ajay Devgn, Asrani",N/A
174,The Nutcracker,Emile Ardolino,"Darci Kistler, Damian Woetzel, Kyra Nichols, Wendy Whelan",N/A
175,Straight From The Heart,David S. Cass Sr.,"Teri Polo, Andrew McCarthy, Patricia Kalember, Greg Evigan",N/A
176,Jesus is King,Nick Knight,"Kanye West, Kim Kardashian West, Ray Romulus, Lito Hernandez",61
177,Absolute Beginners,Julien Temple,"Patsy Kensit, Eddie O'Connell, David Bowie, James Fox",60
178,Bai Mao Nu,Fung Wong,"Connie Chan, Josephine Siao, Siutong So, Suqiu Yu",N/A
179,Over the Moon,"Glen Keane, John Kahrs(co-director)","Glen Keane, Brycen Hall, Ruthie Ann Miles, John Cho",60
180,Lagaan,Ashutosh Gowariker,"Aamir Khan, Gracy Singh, Rachel Shelley, Paul Blackthorne",84
181,Funny Girl,William Wyler,"Barbra Streisand, Omar Sharif, Kay Medford, Anne Francis",89
182,Pippi Longstocking,Olle Hellbom,"Inger Nilsson, Maria Persson, Pär Sundberg, Margot Trooger",N/A
183,Bir Varmis Bir Yokmus,Ilksen Basarir,"Mert Firat, Melisa Sözen, Anil Altinoz, Derya Durmaz",N/A
184,Saturday’s Warrior,Michael Buster,"Jacob Buster, Mason D. Davis, Monica Moore Smith, Anna Daines",N/A
185,Step Up China,Ron Yuan,"Jade Chynoweth, Sean Lew, Stuart D. Latham, Janelle Ginestra",N/A
186,The Pirates of Penzance,Wilford Leach,"Kevin Kline, Angela Lansbury, Linda Ronstadt, George Rose",66
187,Anna and the Apocalypse,John McPhail,"Ella Hunt, Malcolm Cumming, Sarah Swire, Christopher Leveaux",63
188,London Road,Rufus Norris,"Olivia Colman, Clare Burt, Rosalie Craig, Anita Dobson",71
189,Un'Avventura,Marco Danieli,"Michele Riondino, Laura Chiatti, Valeria Bilello, Thomas Trabacchi",N/A
190,Eddie and the Cruisers II,Jean-Claude Lord,"Michael Paré, Marina Orsini, Bernie Coulson, Matthew Laurance",N/A
191,Standing Ovation,Stewart Raffill,"Devon Jordan, Ashley Cutrona, Erika Corvette, London Clark",22
192,Andaaz,Raj Kanwar,"Akshay Kumar, Lara Dutta, Priyanka Chopra, Rajeev Verma",N/A
193,You Beautify My Life,N/A,N/A,N/A
194,Spievankovo a Kráľovná Harmónia,Diana Novotná,"Mária Podhradská, Richard Canaky, Anna Kachutová, Anikó Varga",N/A
195,The Forgotten Carols,Christy Summerhays,"Roger Dunbar, Gili Getz, Dave Martin, Jeff McLean",N/A
196,The Five Senses,Jeremy Podeswa,"Molly Parker, Gabrielle Rose, Elize Frances Stolk, Nadia Litz",56
197,Lucky,John Carroll Lynch,"Harry Dean Stanton, David Lynch, Ron Livingston, Ed Begley Jr.",80
198,Vekh Baraatan Challiyan,Ksshitij Chaudhary,"Binnu Dhillon, Kavita Kaushik, Karamjit Anmol, Ranjit Bawa",N/A
199,Thomas & Friends: Journey Beyond Sodor,Miika Soini,"Lasse Pöysti, Mauri Heikkilä, Visa Koiso-Kanttila, Pentti Siimes",N/A
200,King of Prism: Shiny Seven Stars 3,Masakazu Hishida,N/A,N/A
201,Southland Tales,Richard Kelly,"Carlos Amezcua, Curtis Armstrong, Robert Benz, Todd Berger",44
202,K-12,"Melanie Martinez, Alissa Torvinen(co-director)","Melanie Martinez, Emma Harvey, Megan Gage, Maggie Budzyna",N/A
203,Dyrene i Hakkebakkeskogen,Rasmus A. Sivertsen,"Espen Bråten Kristoffersen, Stig Henrik Hoff, Wenche Myhre, Nils Jørgen Kaalstad",N/A
204,3688,Royston Tan,"Joi Chua, Michael Tan, Rahimah Rahim, Ling Ling Liu",N/A
205,Tera Intezaar,Raajeev Walia,"Arbaaz Khan, Sunny Leone, Bhani Singh, Salil Ankola",N/A
206,Golosa Bolshoy Strany,Tair Mamedov,"Alena Toymintseva, Andrey Grizli, Egor Sesarev, Tina Kuznetsova",N/A
207,Dil Kya Kare,Prakash Jha,"Ajay Devgn, Mahima Chaudhry, Kajol, Chandrachur Singh",N/A
208,The CBeebies Christmas Show: Thumbelina,N/A,N/A,N/A
209,Ho Mann Jahaan,Asim Raza,"Mahira Khan, Adeel Husain, Sheheryar Munawar, Sonya Jehan",N/A
210,Revolution X: The Movie,Dimitar Gochev,"Silvia Petkova, Daniel Angelov, Dimitar Berbatov, Gery-Nikol Georgieva",N/A
211,Dantza,Telmo Esnal,"Joseba Astarbe, Josu Garate, Amaia Irigoyen, Gari Otamendi",N/A
212,Greendale,Neil Young,"Sarah White, Eric Johnson, Ben Keith, Erik Markegard",52
213,The Big Gay Musical,"Casper Andreas, Fred M. Caruso","Lena Hall, Daniel Robinson, Joey Dudding, Jeff Metzler",N/A
214,Sing Song,Mischa Kamp,"Darren Benschop, Georgiefa Boomdijk, Floris Bosma, Borger Breeveld",N/A
215,The Last Five Years,Richard LaGravenese,"Anna Kendrick, Jeremy Jordan, Tamara Mintz, Cassandra Inman",60
216,Repo! The Genetic Opera,Darren Lynn Bousman,"Alexa PenaVega, Paul Sorvino, Anthony Head, Sarah Brightman",32
217,Jeanne,Timo Bergholm,"Elina Salo, Turo Unho, Kurt Ingvall, Pentti Kotkaniemi",N/A
218,Disney’s Newsies: The Broadway Musical,"Jeff Calhoun, Brett Sullivan","Jeremy Jordan, Kara Lindsay, Ben Fankhauser, Andrew Keenan-Bolger",N/A
219,The Prom,Ryan Murphy,"Meryl Streep, James Corden, Nicole Kidman, Kerry Washington",55
220,Fashion,Madhur Bhandarkar,"Priyanka Chopra, Kangana Ranaut, Mugdha Godse, Arbaaz Khan",N/A
221,Make Your Move,Duane Adler,"Derek Hough, BoA, Will Yun Lee, Wesley Jonathan",40
222,Rock On 2,Shujaat Saudagar,"Farhan Akhtar, Shraddha Kapoor, Arjun Rampal, Purab Kohli",N/A
223,BanG Dream! Film Live,Tomomi Umezu,"Aina Aiba, Sawako Hata, Yôko Hikasa, Miku Itou",N/A
224,Sesinde Aşk Var,Osman Tasci,"Burak Tozkoparan, Hayal Köseoglu, Gizem Günes, Deniz Barut",N/A
225,Were the World Mine,Tom Gustafson,"Tanner Cohen, Wendy Robie, Judy McLane, Zelda Williams",N/A
226,Fanney Khan,Atul Manjrekar,"Aishwarya Rai Bachchan, Anil Kapoor, Rajkummar Rao, Divya Dutta",N/A
227,God Help the Girl,Stuart Murdoch,"Emily Browning, Olly Alexander, Hannah Murray, Pierre Boulanger",58
228,Chandigarh Amritsar Chandigarh,Karaan Guliani,"Dilpreet Dhillon, Gippy Grewal, Ankit Kumar, Sargun Mehta",N/A
229,The Family,Luc Besson,"Robert De Niro, Michelle Pfeiffer, Dianna Agron, John D'Leo",42
230,Tales of Hoffmann,"Jacob Fleck, Luise Fleck, Anton Kolm, Claudius Veltée",Wiener Schauspieler,N/A
231,Anything But Love,N/A,"Jamie Lee Curtis, Richard Lewis, Richard Frank, Holly Fulger",N/A
232,Very Annie-Mary,Sara Sugarman,"Rachel Griffiths, Jonathan Pryce, Ioan Gruffudd, Matthew Rhys",33
233,Love N' Dancing,Robert Iscove,"Nicola Royston, Brandi Tobias, Brian Lucero, Tom Malloy",43
234,Rangreza,Amir Mohiuddin,"Ghana Ali, Bilal Ashraf, Urwa Hocane, Villayat Hussain",N/A
235,She Loves Me,David Horn,"Laura Benanti, Zachary Levi, Jane Krakowski, Tom McGowan",N/A
236,Bugsy Malone,Alan Parker,"Scott Baio, Florence Garland, Jodie Foster, John Cassisi",71
237,Locos de Amor,Frank Pérez-Garland,"Gianella Neyra, Jimena Lindo, Rossana Fernández Maldonado, Lorena Caravedo",N/A
238,Intimissimi On Ice,"Daniel E. Catullo, Kim Gavin","Andrea Bocelli, Carolina Kostner, Stéphane Lambiel, Evgeni Plushenko",N/A
239,Amor em Sampa,"Carlos Alberto Riccelli, Kim Riccelli","Bruna Lombardi, Eduardo Moscovis, Rodrigo Lombardi, Mariana Lima",N/A
240,Colma: The Musical,Richard Wong,"Jake Moreno, H.P. Mendoza, L.A. Renigen, Sigrid Sutter",N/A
241,Sur quel pied danser,Jacques Fansten,"Dominique Blanc, Jimmy Noufel, Pierre Lacan, Anne Le Ny",N/A
242,The American Astronaut,Cory McAbee,"Cory McAbee, Rocco Sisto, Gregory Russell Cook, Annie Golden",51
243,Guy and Madeline on a Park Bench,Damien Chazelle,"Jason Palmer, Desiree Garcia, Sandha Khin, Frank Garvin",83
244,Lajka,"Aurel Klimt, Aurel Klimt","Jan Budar, Petr Ctvrtnícek, Helena Dvoráková, Cenek Koliás",N/A
245,Sita Sings the Blues,Nina Paley,"Annette Hanshaw, Aseem Chhabra, Bhavana Nagulapally, Manish Acharya",93
246,Naked Boys Singing,"Robert Schrock, Troy Christian(co-director)","Andrew Blake Ames, Jason Currie, Jaymes Hodges, Joseph Keane",N/A
247,Villain,B. Unnikrishnan,"Mohanlal, Vishal, Manju Warrier, Meka Srikanth",N/A
248,Notebook,Nitin Kakkar,"Zaheer Iqbal, Pranutan Bahl, Mir Mohammed Mehroos, Mir Mohammed Zayan",N/A
249,Groove City,"Pele Nili, Siavani","Ezra Ape, Lauren Dunningham, Tavai William Faasavalu, Maurica Howard",N/A
250,Yeh Dil,Teja,"Tusshar Kapoor, Anita Hassanandani Reddy, Chetana Das, Akhilendra Mishra",N/A
251,Power Paandi,Dhanush,"Dhanush, Dheena, Divyadarshini, Delhi Ganesh",N/A
252,Daddy Long Legs,Jean Negulesco,"Fred Astaire, Leslie Caron, Terry Moore, Thelma Ritter",N/A
253,Beauty and the Beast,"Gary Trousdale, Kirk Wise","Robby Benson, Jesse Corti, Rex Everhart, Angela Lansbury",95
254,Pretty Guardian Sailor Moon: The Musical,N/A,N/A,N/A
255,"Stockholm, My Love",Mark Cousins,Neneh Cherry,61
256,Basmati Blues,Dan Baron,"Brie Larson, Utkarsh Ambudkar, Scott Bakula, Saahil Sehgal",30
257,Jeanne and the Perfect Guy,"Olivier Ducastel(co-director), Jacques Martineau(co-director)","Virginie Ledoyen, Mathieu Demy, Jacques Bonnaffé, Valérie Bonneton",N/A
258,Trollflöjten,"Peik Bäckström, Tom Paxal",Marcus Groth,N/A
259,Yes Nurse! No Nurse!,Pieter Kramer,"Loes Luca, Tjitske Reidinga, Waldemar Torenstra, Edo Brunner",41
260,Daffodils,David Stubbs,"Rose McIver, George Mason, Kimbra, Fen Ikner",N/A
261,Gory Gory Hallelujah,Sue Corcoran,"Tim Gouran, Angie Louise, Jeffrey Gilbert, Todd Licea",N/A
262,Slow Dancing in the Big City,John G. Avildsen,"Paul Sorvino, Anne Ditchburn, Nicolas Coster, Anita Dangler",N/A
263,Technoboss,João Nicolau,"Miguel Lobo Antunes, Luísa Cruz, Américo Silva, Tiago Garrinhas",N/A
264,"¡Bruja, más que bruja!",Fernando Fernán Gómez,"Francisco Algora, Emma Cohen, Mary Santpere, Fernando Fernán Gómez",N/A
265,EMO the Musical,Neil Triffett,"Benson Jack Anthony, Jordan Hare, Rahart Adams, Jon Prasida",N/A
266,Swing,Tony Gatlif,"Oscar Copp, Lou Rech, Tchavolo Schmitt, Mandino Reinhardt",N/A
267,El camino más largo,Alexis Morante,"José Andrés, Andreu Buenafuente, Enrique Bunbury, Robert Castellanos",N/A
268,Pok,Eric Khoo,"Joe Ng, Michelle Goh, Kay Tong Lim, David Brazil",N/A
269,Un Rayo De Luz,Luis Lucia,"Marisol, Anselmo Duarte, María Mahor, Julio Sanjuán",N/A
270,High School Musical,Kenny Ortega,"Zac Efron, Vanessa Hudgens, Ashley Tisdale, Lucas Grabeel",N/A
271,Christmas on Mars,"Wayne Coyne, Bradley Beesley(co-director), George Salisbury(co-director)","Steven Drozd, Wayne Coyne, Steve Burns, Fred Armisen",N/A
272,Swing Time,George Stevens,"Fred Astaire, Ginger Rogers, Victor Moore, Helen Broderick",91
273,Know How,Juan Carlos Pineiro Escoriaza,"Deshawn Brown, Niquana Clark, Michael Dew, Gabrielle Garcia",N/A
274,Desi Munde,Mandeep Benipal,"Balkar Sidhu, Harmeet Kaur, Bunty Grewal, Indy Kheela",N/A
275,Bollywood Made in Spain,Ramón Margareto,"Doriam Sojo, Leyla Zurah",N/A
276,Shall We Dance?,Masayuki Suo,"Kôji Yakusho, Tamiyo Kusakari, Naoto Takenaka, Eri Watanabe",68
277,Clear Blue Tuesday,Elizabeth Lucas,"Becca Ayers, Julie Danao, Vedant Gokhale, Erin Hill",N/A
278,Rotas,Luis Lorente,"Juanjo Artero, Amparo Climent, Andoni Ferreño, Gonzalo Ferreño",N/A
279,I Kissed a Vampire,Chris Nolan,"Lucas Grabeel, Drew Seeley, Adrian Slade, Chris Coppola",N/A
280,Bhangra Paa Le,Sneha Taurani,"Sunny Kaushal, Rukshar Dhillon, Shriya Pilgaonkar, Parmeet Sethi",N/A
281,The Gay Divorcee,Mark Sandrich,"Fred Astaire, Ginger Rogers, Alice Brady, Edward Everett Horton",80
282,Melle,Binu Ulahhannan,"Amith Chakalakkal, Thanuja Karthik, Joju George, Joy Mathew",N/A
283,"Bien de Familia, una película musical",María Eugenia Fontana,"Eliseo Barrionuevo, Federico Fernandez Wagner, Lucila Gandolfo, Jimena Gonzalez",N/A
284,Hello Again,Frank Perry,"Shelley Long, Judith Ivey, Gabriel Byrne, Corbin Bernsen",N/A
285,Bengali Beauty,Rahsaan Noor,"Rahsaan Noor, Mumtaheena Toya, Sarah Alam, Ashfique Rizwan",N/A
286,Phantom of the Opera,Arthur Lubin,"Nelson Eddy, Susanna Foster, Claude Rains, Edgar Barrier",63
287,"Amor, Plástico e Barulho",Renata Pinheiro,"Jennyfer Caldas, Dedesso, Rodrigo García, Everton Gomes",N/A
288,King Creole,Michael Curtiz,"Elvis Presley, Carolyn Jones, Walter Matthau, Dolores Hart",N/A
